{
  "keys": [
    {
      "keyCode": 18,
      "name": "Alt gauche"
    },
    {
      "keyCode": 16,
      "name": "Maj gauche"
    },
    {
      "keyCode": 13,
      "name": "Entrée"
    },
    {
      "keyCode": 17,
      "name": "Control"
    },
    {
      "keyCode": 27,
      "name": "Echap"
    },
    {
      "keyCode": 32,
      "name": "Espace"
    },
    {
      "keyCode": 8,
      "name": "Retour arrière"
    },
    {
      "keyCode": 225,
      "name": "Alt Gr"
    }
  ],

  "letters": [
    "a",
    "b",
    "c",
    "d",
    "e",
    "f",
    "g",
    "h",
    "i",
    "j",
    "k",
    "l",
    "m",
    "n",
    "o",
    "p",
    "q",
    "r",
    "s",
    "t",
    "u",
    "v",
    "w",
    "x",
    "y",
    "z"
  ],

  "right_hand_words": [
    "poil",
    "moi",
    "loi",
    "un",
    "uni",
    "pou",
    "poli",
    "loin",
    "union",
    "puni",
    "kilo",
    "pli",
    "pompom",
    "pompon",
    "mou",
    "honni",
    "poilu",
    "joui"
  ],
  "left_hand_words": [
    "erdre",
    "art",
    "rat",
    "terre",
    "sec",
    "are",
    "rater",
    "arbre",
    "assez",
    "grec",
    "sas",
    "sac",
    "tas",
    "axe",
    "casser",
    "rester",
    "fard",
    "tard",
    "serrer",
    "ras de terre",
    "crac",
    "ferrer",
    "tresse",
    "grave",
    "graver",
    "secret",
    "exercer",
    "dessert",
    "tarder",
    "caresse",
    "gras",
    "grade",
    "faxer",
    "servez",
    "retardez",
    "averse",
    "zeste",
    "gazer"
  ],
  "both_hands_words": [
    "polis",
    "moins",
    "lois",
    "loisir",
    "une",
    "poule",
    "police",
    "joint",
    "poids",
    "terrible",
    "rable",
    "partir",
    "quiche",
    "perdre",
    "artiste",
    "joie",
    "jouer",
    "tard",
    "accentuer",
    "arriver",
    "wagon",
    "vague",
    "faire",
    "gravir",
    "aviron",
    "briller",
    "action",
    "musique",
    "yeux",
    "mains",
    "pain",
    "chocolat",
    "bouche",
    "clavier",
    "clef",
    "dix",
    "onze",
    "treize",
    "douze",
    "quinze",
    "seize",
    "septembre",
    "huit",
    "maximum",
    "chinois",
    "erreur",
    "partager",
    "langue",
    "type",
    "exercice",
    "choix",
    "sucette",
    "question",
    "voix",
    "quille",
    "expression",
    "voix",
    "rouet",
    "frasque",
    "quelconque",
    "quolibet",
    "querelle"
  ],
  "special_characters_words": [
    "s'appuyer",
    "(parenthèse)",
    "[crochet]",
    "{accolade}",
    "\"guillemets\"",
    "abat-jour"
  ],
  "accents_words": [
    "mère",
    "père",
    "rêve",
    "trêve",
    "dôme",
    "crâne",
    "quête",
    "créer",
    "défaire",
    "amélioré",
    "testé",
    "aléatoire",
    "apparaître",
    "crète",
    "détail",
    "désastre",
    "différent",
    "féliciter",
    "désaxer",
    "indésirable",
    "noël",
    "grâce",
    "nôtre",
    "rôle",
    "bête",
    "vêtement",
    "trône",
    "abcès",
    "enlèvement",
    "exprès",
    "grève",
    "caractère",
    "célèbre",
    "éphémère",
    "géomètre",
    "métèque",
    "au-delà",
    "à-côté"
  ],
  "capital_letters_accents_words": [
    "Mère",
    "Père",
    "Rêve",
    "Trêve",
    "Dôme",
    "Crâne",
    "Quête",
    "Créer",
    "Défaire",
    "Amélioré",
    "Testé",
    "Aléatoire",
    "Apparaître",
    "Crète",
    "Détail",
    "Désastre",
    "Différent",
    "Féliciter",
    "Désaxer",
    "indésirable",
    "Noël",
    "Grâce",
    "Nôtre",
    "Rôle",
    "Bête",
    "Vêtement",
    "Trône",
    "Abcès",
    "Enlèvement",
    "Exprès",
    "Grève",
    "Caractère",
    "Célèbre",
    "Éphémère",
    "Géomètre",
    "Métèque",
    "Au-delà",
    "à-côté"
  ],
  "punctuation": [
    ",",
    ".",
    "!",
    "?",
    "'"
  ],
  "punctuation_words": [
    "polis.",
    "moins,",
    "lois !",
    "loisir ?",
    "une :",
    "poule ;",
    "police...",
    "joint !",
    "poids.",
    "perdre ?",
    "artiste...",
    "joie ;",
    "jouer :",
    "tard,"
  ],
  "sentences": [
    "Bonjour les amis !"
    "Il fait beau aujourd'hui.",
    "Attention, cette fenêtre est cassée !",
    "Il n'a jamais aimé les mathématiques...",
    "As-tu eu le temps de passer au garage ?",
    "Ils vont çà-et-là.",
    "Tu l'as déjà vu..."
  ]
}